{
  "2.2- Text Analysis (GET) " : {
    "transaction" : "2.2- Text Analysis (GET) ",
    "sampleCount" : 10,
    "errorCount" : 0,
    "errorPct" : 0.0,
    "meanResTime" : 229.10000000000002,
    "medianResTime" : 200.0,
    "minResTime" : 191.0,
    "maxResTime" : 395.0,
    "pct1ResTime" : 385.90000000000003,
    "pct2ResTime" : 395.0,
    "pct3ResTime" : 395.0,
    "throughput" : 0.05781951061566215,
    "receivedKBytesPerSec" : 0.08311554651001433,
    "sentKBytesPerSec" : 0.095537706993848
  },
  "Debug Sampler" : {
    "transaction" : "Debug Sampler",
    "sampleCount" : 10,
    "errorCount" : 0,
    "errorPct" : 0.0,
    "meanResTime" : 1.6999999999999995,
    "medianResTime" : 0.5,
    "minResTime" : 0.0,
    "maxResTime" : 7.0,
    "pct1ResTime" : 7.0,
    "pct2ResTime" : 7.0,
    "pct3ResTime" : 7.0,
    "throughput" : 0.05788745520958153,
    "receivedKBytesPerSec" : 0.10265978384824224,
    "sentKBytesPerSec" : 0.0
  },
  "1.2- Analyze Video Request (GET) " : {
    "transaction" : "1.2- Analyze Video Request (GET) ",
    "sampleCount" : 10,
    "errorCount" : 0,
    "errorPct" : 0.0,
    "meanResTime" : 345.8,
    "medianResTime" : 292.0,
    "minResTime" : 216.0,
    "maxResTime" : 912.0,
    "pct1ResTime" : 858.3000000000002,
    "pct2ResTime" : 912.0,
    "pct3ResTime" : 912.0,
    "throughput" : 0.05776607052081889,
    "receivedKBytesPerSec" : 1.3235086786300199,
    "sentKBytesPerSec" : 0.09409551330930264
  },
  "Total" : {
    "transaction" : "Total",
    "sampleCount" : 72,
    "errorCount" : 0,
    "errorPct" : 0.0,
    "meanResTime" : 5995.055555555556,
    "medianResTime" : 343.5,
    "minResTime" : 0.0,
    "maxResTime" : 46720.0,
    "pct1ResTime" : 38057.1,
    "pct2ResTime" : 43293.6,
    "pct3ResTime" : 46720.0,
    "throughput" : 0.331664263636238,
    "receivedKBytesPerSec" : 1.7538871224439971,
    "sentKBytesPerSec" : 739.9051129270754
  },
  "2.1- Text Analysis (POST)" : {
    "transaction" : "2.1- Text Analysis (POST)",
    "sampleCount" : 10,
    "errorCount" : 0,
    "errorPct" : 0.0,
    "meanResTime" : 472.5,
    "medianResTime" : 504.0,
    "minResTime" : 345.0,
    "maxResTime" : 548.0,
    "pct1ResTime" : 544.1,
    "pct2ResTime" : 548.0,
    "pct3ResTime" : 548.0,
    "throughput" : 0.05771672630728385,
    "receivedKBytesPerSec" : 0.03851915113124784,
    "sentKBytesPerSec" : 0.11107651614625419
  },
  "3.1- Text Analysis by File" : {
    "transaction" : "3.1- Text Analysis by File",
    "sampleCount" : 10,
    "errorCount" : 0,
    "errorPct" : 0.0,
    "meanResTime" : 597.5,
    "medianResTime" : 618.0,
    "minResTime" : 398.0,
    "maxResTime" : 737.0,
    "pct1ResTime" : 735.5,
    "pct2ResTime" : 737.0,
    "pct3ResTime" : 737.0,
    "throughput" : 0.05768143695995755,
    "receivedKBytesPerSec" : 0.03852939734434664,
    "sentKBytesPerSec" : 0.11432077764671272
  },
  "1.3- Frames Chart (GET)" : {
    "transaction" : "1.3- Frames Chart (GET)",
    "sampleCount" : 10,
    "errorCount" : 0,
    "errorPct" : 0.0,
    "meanResTime" : 309.2,
    "medianResTime" : 287.0,
    "minResTime" : 201.0,
    "maxResTime" : 568.0,
    "pct1ResTime" : 545.4000000000001,
    "pct2ResTime" : 568.0,
    "pct3ResTime" : 568.0,
    "throughput" : 0.05776773902846216,
    "receivedKBytesPerSec" : 0.5284507017336099,
    "sentKBytesPerSec" : 0.09404181734418597
  },
  "Login 2" : {
    "transaction" : "Login 2",
    "sampleCount" : 2,
    "errorCount" : 0,
    "errorPct" : 0.0,
    "meanResTime" : 1510.5,
    "medianResTime" : 1510.5,
    "minResTime" : 1342.0,
    "maxResTime" : 1679.0,
    "pct1ResTime" : 1679.0,
    "pct2ResTime" : 1679.0,
    "pct3ResTime" : 1679.0,
    "throughput" : 1.1911852293031568,
    "receivedKBytesPerSec" : 4.803128722453842,
    "sentKBytesPerSec" : 0.2873269058963669
  },
  "1.1- Analyze Video Request (POST)" : {
    "transaction" : "1.1- Analyze Video Request (POST)",
    "sampleCount" : 10,
    "errorCount" : 0,
    "errorPct" : 0.0,
    "meanResTime" : 40906.50000000001,
    "medianResTime" : 40644.0,
    "minResTime" : 35851.0,
    "maxResTime" : 46720.0,
    "pct1ResTime" : 46715.2,
    "pct2ResTime" : 46720.0,
    "pct3ResTime" : 46720.0,
    "throughput" : 0.046860795321418194,
    "receivedKBytesPerSec" : 0.031045276900439556,
    "sentKBytesPerSec" : 752.2804458248203
  }
}